Word-Id,Word-Text
356d7275-c954-4928-9a6e-5062b3acfe39,M.F.
444d6223-6b28-4aa4-b439-6aa11575206d,Acevedo
3ebc273e-d359-4622-87fe-e632ed8e1a82,et
567cd13a-4572-4724-a7ad-5a37f3ed75a8,al.
a11597cc-5e84-4561-89ea-e9ff0c449b22,Global
38c96730-9243-4061-b6d9-7c0e5a96c4a4,Food
708faa93-78f3-4b0c-a9ca-e18c06275f01,Security
413f84be-4022-4436-b24f-7dc807a5319d,16
8e0ee029-cdba-48c3-a75d-e9aa62a0d996,(2018)
e1a0ebb2-f000-4369-9b67-c934c6a48b32,127-132
02a87bb3-6820-4e5e-b135-c7c45d41c2eb,prove
a6f4b4e0-b28a-4ba2-bc35-08bcfa5754cf,very
af64c6eb-4a84-42d4-b4f2-4249b2bee3a2,useful
bc78c04e-633d-4e6d-af1c-d78c65b11a46,for
7df7e4ff-0d8b-4834-bc74-ca9e41c997aa,baseline
48aa4af9-5960-4b15-8740-6c1ca533b296,data
56a68a16-66b6-4386-b351-a5a123827654,and
8c1e7ce5-dbd1-49fc-ba32-55596e1353a4,follow
768f563d-7d15-4e60-9e18-dde85c5dc4cb,up
8cbdafb1-8d94-4e1d-b44b-64de64856542,water
0ca61a9a-3e1d-4f70-8f63-00a4c9da6719,management
4786ff6b-7ac1-40fd-8a59-888bfa085c98,present
7408e327-750a-4341-b94e-5396ed419f8d,challenges
24052347-244c-4fa8-8c47-dab6df45612b,depends
f18651dc-da56-4153-88d4-74eb1eb1b94d,critically
4e0f59bc-40d9-4ed2-bf60-d4b73d56a907,on
c024da4e-09c2-4e95-98e5-1d4162c1e0f2,ID
bb95150a-dc58-48a8-96a5-ce02b51c945e,that
98dc6244-6cee-4085-a7c3-754181099a7c,includes
66a6a80a-5fb2-4f74-9dd5-ba9d5547665f,social
62c536d2-80ee-4a4a-80e2-dd298ae48c2f,"science,"
37fb7843-c846-4c84-b959-09a9ecea55c3,interventions
a00a6b93-fb3d-465e-a71f-2f1a68c1d751,"(Acevedo,"
f7cf6edb-1dee-4955-8eb1-d64eba61fb6c,2011).
07125035-1c00-48dc-9675-2194cd92b361,to
40001e3a-3bb7-48fb-ba9c-7f5c937632a0,cultivate
815fec5f-676b-4ea5-8824-f5ac20fe68e9,better
b33f1780-9590-45cf-bb5a-ef666b92ac8a,futures.
9807b616-60be-4199-9441-c0d19eafdfc0,We
5e3ee918-8c25-48d9-882f-f889298cb599,need
4533e704-18ce-480b-80bb-c39f9af343f5,to
31235b80-241b-41b6-9902-851783a84795,take
894492b2-823b-4c10-9d73-da36770b810d,more
b6fdef7b-b802-4670-bb31-0950ba124381,care
b545ee12-09b4-4e31-bb9f-e33d71829ec7,over
6f48ae60-7c50-402b-be83-964957fcccfc,how
3be5e59c-d45e-464a-bbda-86a5b4eaf9d9,we
bbaa61c7-c06e-48c2-a343-1bd91df461b5,do
6f8e1790-7c4a-45af-92b0-4c1e7431ef40,Modeling
f1f734d9-2cca-4ff8-bd0f-40ff333dba42,socio-ecological
e3ae33f7-e878-451b-ac59-0b865b0ac413,systems
83c0c38c-ed76-4bcf-a34e-95659c91735f,allow
904811a3-a059-4fba-a37a-a16141fa3fe7,studying
182a6ea0-1368-40d9-9cb5-a37fe2900463,land
89b2a1b8-259a-427b-a1f0-e0c0ad4519ea,use
bc560e97-b5ea-47a7-8988-4fcb59af2ba9,dy-
d793db3f-ac5b-48f7-b2ff-85a1dcbf7cc0,things
d1b0b2ed-3a71-40fd-84ad-6d2bc6828457,the
884e2392-831c-4ad4-84b8-165a80e2f581,"processes,"
31ba023d-7d48-4890-bc77-33648bf16e1c,negotiations
6b23b74d-1598-4850-9eb3-91c803b98317,and
edb39874-c3c0-427e-b7cd-2371f2061a6b,transactions
1036530f-a569-4458-b6ed-13b7ce8f8490,through
799a465a-16fb-49ae-8f94-3ed1c0053c0e,which
c514fb8e-6445-47eb-81e0-836ead26ce18,we
4653163e-a75a-4fcd-ac1f-5d6e74d2332e,namics
4aba75c1-fed4-4770-b3d3-0ead1dad6695,in
0ef44e1f-7669-4d1a-af41-b7c662d0f136,the
39a81648-c43f-46fa-8e53-ab0c38c93f8e,context
ee84c60c-0783-4198-8b5f-b0e958f54e98,of
dfd7301a-c76f-40a2-b3a2-d4d34748a535,contemporary
a4793dd1-61aa-4213-a36a-644760988bda,hotspots
694e0448-2fe6-49a2-8232-d4e022c305db,of
ba2b947a-6cf8-44dc-8cdf-dd787c666e32,biodiversity
f96e110b-ea06-486c-a334-a440d874c805,as
cc46b73f-ee60-4353-84c1-7b694f51abf0,well
0cce2035-dea7-41d4-874d-b47bcbcd98ae,reconcile
3975fa00-c82f-41b6-9963-e93d46f8e1eb,our
c802c369-ec5f-45d7-93a0-3ce7fc8cb327,narrow
2c71422a-baf1-4ba9-9342-6873f23abf05,self-interests
8da112c9-8ad3-431e-b596-938f9c8950da,(gilt)
4c2bfb95-2c8e-4dfa-942d-b72a4a39b2e4,with
ad8fbd24-b99c-46f5-8b66-be27fbbefd31,our
c3df2357-a37b-45fe-ad7a-156f2c85ed08,common
5a2131a0-7768-498a-ac86-d2c76f7fa6ae,social
866c4a78-b9e1-4639-98ce-272b499f7dda,in-
df07a0fc-97bf-4024-989e-1547b236b2ef,as
dff484bc-a83e-4735-84c6-d2a03dc7cfad,agricultural
e5cacbea-fea3-4855-9a81-4f90bc94c4ea,landscape
a93a2f08-fa62-4e91-9a6a-aa6f60dac3d6,patterns
e7647328-e13e-4bd0-adcc-4b0f6e3c3a78,(Acevedo
e84797ba-5a75-4f15-ba84-38d0e3e1b9ba,et
34a61237-fec9-42c6-9d35-045c85e24715,"al.,"
814c9647-7cac-4aa7-b0e8-da0370af88ba,2008).
d28ea530-23e8-49ac-95b2-2d7d7838f8e0,Adopting
1b9ead5d-0159-42f8-ab48-fa2ab8af47b9,a
98c55862-f4a7-491d-b2ef-f90fc2916af1,terests
7c845c83-bff9-4a71-9284-32c63314ea09,(guilt)
1198a955-ec46-4ef8-9a42-92b918390201,"(Harvey,"
f26eefd8-db9c-4f0d-a43d-9b4d662c1715,2008).
de7733dc-c2db-47fd-a8fe-da4fc2d4fd52,food
e66b6581-bd11-4d49-895e-24765a1b506e,systems
78413d97-eef1-400b-ad43-c1c975803db5,approach
0b6709c5-a58d-4578-b90a-c2844bebd377,also
a7dfcc96-5306-4587-83d9-7408c3f2c807,contributes
5d355158-f8d0-4674-b02a-1dc1aa778311,to
1ce51299-3f65-4203-91a1-3e4815fd2c02,models
37942094-614a-4b99-a6a0-ca27ce107697,taking
7db233e1-cd51-4782-b116-1d2212bf57d0,into
dfc1d551-7a11-4042-9de0-7ba19ca790a8,account
03d478e3-1c1d-4476-a973-34fde9e29071,multiple
f3bf198e-29bc-44b4-89ca-0d9266d1d9d3,spatia
e57a43fe-f7db-4392-95cb-53afb34da48b,"scales,"
f8939335-f60d-4fe9-9703-9140993ee03e,"processes,"
1c7f8d1b-d273-40c9-bf75-f2774e2476f8,and
c78dd862-d584-4db2-ab1d-34957a8596bf,levels
fa4d846e-ffea-4d8f-b28e-ba08163c95df,(Ingram
cb3ccf68-94e1-4818-b439-c5d980bfc20c,et
c251d4c0-0ef1-4b7c-b4eb-8326f5e26df0,"al.,"
dd9831d3-23e0-4137-80d1-8fba77d8f48e,2010)
6b60705a-5b1b-4520-b11e-f490e157a449,4.5.
89a03578-cfdc-412b-bc0f-7c3d81c85401,Non-economic
9f4c46ca-683a-4184-88d4-47ef66fd6a74,social
c888525a-e8ee-4f21-9bf9-e5e9c3537068,sciences
32a5b959-1e49-44b0-bcbf-57d79638294c,From
a6849a4e-e093-4291-b89c-d4a3035453ab,the
ff3cebad-74c0-4a01-9df2-47af4c5438f4,social
f4d0f53d-20e6-48c2-ab3a-5f0a360e1deb,"sciences,"
2dc6dc54-31f2-4f89-955b-f928c8a3463b,economics
011701cf-0511-464a-b7f8-add236a0b828,and
820e0161-aa3c-4d0b-99b0-486b5c9b03d1,geography
8c98fad7-c490-48a6-aba4-179de6af8b74,have
1f1cf205-287f-4399-b155-cc7b8e1b5f80,established
bdf515d0-c0b7-4686-9f1f-a16628659127,their
8d720941-3cd6-49a4-a72f-88eadc09fb77,role
9efe957e-5c22-4d07-8a33-38efa8c020c4,in
8f7093b3-3dc4-4b0a-b8da-0618357b7f45,"IDR,"
eee5fbd6-4055-4ae7-af64-666a757110cc,contributing
9d2d02d8-f906-4e52-aa9b-75dbe5b8a8fe,quantitative
fe6b8cdc-73f3-4b87-8b54-332135edc1b7,and
6590c1a1-b336-4c5b-999d-7b7a23e7bbd1,computational
e511a297-6ae0-4a53-9f9a-02b489089088,methods
81868108-b0f9-4e1c-a1aa-8830d8122638,"Anthropology,"
93261bb4-8e7f-4dc2-8060-cddf3ebc9491,"sociology,"
9d258ab1-bf39-40e2-9bb5-e16ff3e746c9,and
fa2212c3-4f3a-4885-b632-8eba1e75b0f2,political
9e9dced5-65e5-4a0b-a724-cb424e31e1b8,science
2ee584df-9a3c-45e5-88b8-b4e37a70ed89,are
8c7bb0be-fde1-4fc2-8048-e8adee25c47c,very
f9fa416a-170b-4331-b0e3-db35db47e4bd,important
5b1728a9-84b0-4808-a60d-a5e6ff58a00e,such
39edf0e8-6528-4938-9a9b-dbb04ad818ef,as
60c3d48f-78c4-49e5-afb1-bea88654fab5,"econometrics,"
fe2b01eb-20f3-4248-9fea-6139c62221be,simulation
82821891-31f3-4035-8a47-9ace86719642,"modeling,"
fc967da4-79f7-454e-b127-19639dfc759f,and
1f2436c4-18ae-4aa3-976f-01d12eab7a54,geographic
e3f77789-c160-4449-be9d-b15a7cc9a26e,informa-
b71d1825-7f25-4fc4-a8fc-d4b6c6b59f8f,especially
5f84a0fe-6c76-4bfe-8b8f-3f2963fb9f62,when
1118d917-ab93-4681-8e8c-356360731ce8,considering
efd007df-593f-421e-b3f0-a6b6dabbaff6,policy
04d99498-86a9-4f96-8295-e53e18467802,and
5466b164-924d-4f6b-a30e-cfc16f44b549,"impacts,"
c9afe7fd-e049-4d6a-9ba0-2e8c93083f7c,but
19774ac2-44a0-44ca-85df-d6cc73a934e7,have
46990ba4-5898-42ed-b8bb-b8f821eff921,been
ad459f8f-2f37-400a-8b6a-ae6fb7812154,under-
d89f5176-5e9f-4fdd-8a99-a5dcc34532d3,tion
1ba554de-2677-42c8-a3ad-54b986f09d5a,systems.
19f9a088-e4ad-437c-adee-368c0cb6f68f,For
be0faba3-88a5-47a7-9f59-61d958cecffc,"example,"
71dd6833-6407-4913-9a75-a218b3013908,Diagne
35c8c181-ce1f-42b6-a66a-e8138047b905,et
435f8a77-8c5d-4bd2-ab0e-c0fbd28b6dba,al.
760230a6-c26d-40cd-a2e8-8325140486d4,(2013)
d3fa68e5-f1d2-463f-9648-23a5bb0fd814,used
176156ae-fc95-4c74-b0b1-c7b09a1358df,an
307023ce-cfbc-4176-bcc3-c2cd523b4b1c,econometric
be11c075-fbb9-4295-8a08-a4c9b7691115,utilized.
71405ca8-82b3-44b7-8858-ad50beb9a83e,These
a69f6a58-8efe-457d-baf7-7a6959bb4d56,disciplines
8a0732b9-6820-48dc-982a-c860893da535,focus
f3a17b9e-0008-4520-a937-5d66cd770a32,on
63802111-1b73-48d2-bcf3-a81cc25b66ab,people's
6b1a59c6-5582-4cbb-816c-818a7c174522,culture
d148996c-ef86-4ba4-9560-9b2d23697809,"(beliefs,"
0330e57d-87d3-4809-95ee-b14a39e5d0a0,"norms,"
edd2c196-97f8-4af0-8cbb-68bc0c2dd1a5,forecast
d9617d40-26d7-47c9-8e9e-a2b413a2416f,of
a1e16ad8-cf3b-4642-9049-be37aeea13db,impacts
c4cbc684-1a1a-4e5d-ae2d-113e409d11ea,of
2ce000aa-fd8a-4d74-a167-2bfcd17a07eb,research
6a6e5017-b418-4aa6-b6b4-8f196861af24,prioritizing
489d3705-035e-4bc6-b43c-4fbbcc1e6fb4,the
cd7e7d19-3315-4d94-8138-085d5409090c,benefits
130b58e9-aac2-43bc-a0f3-2a277498a027,by
c793925c-45b3-4cfd-a2ae-39aa4342c972,discipline
b0082db6-20ce-4f03-8505-090f72d4b0c4,"values,"
1c482a18-7147-440b-8990-f2e8aeddd7d3,and
ae0a2fb0-d7db-43fc-bf94-3e4a85400167,"practices),"
ba7bcb74-bc98-4953-90fb-84e7b34faace,"institutions,"
4f5cf1c6-7741-499a-af83-33823aacb4a1,social
953bf703-305d-4e8f-95bb-fc3829293f28,"issues,"
f30e1fa0-46ec-4d2e-b73d-571849e0fa17,and
66094baf-cd7a-438d-9956-12a7fa839600,governance.
f81eb65b-5beb-41bf-a416-3fa65906d7a5,Their
7d7c60d2-411a-4776-b0c3-ecd76f186d51,"(e.g.,"
918a85ab-5f01-4b95-bcd2-4bc70a285b09,"agronomic,"
48d9bb49-598e-4f52-8164-dd400d2aad9b,"breeding,"
3083784f-0b29-49ab-abf5-0b2d63f64135,post-harvest).
4351ea61-bc76-48e1-8493-e3b77bd7508e,Quantification
67e7deb0-c34f-49ca-9f2b-4da70616be14,and
4f9d5b95-a2f4-40e4-9e41-baa1fe1f005d,modeling
dece0584-fd4b-477a-ae98-87ba5f43da7a,contributions
033760f4-1d46-4a4f-a625-54d1c9169a61,include
7cf63f36-e72e-4a04-ab2c-e91e9d05bc39,framing
4a9d9651-a951-4afc-8085-0a276fb68a67,the
c188d138-68be-4eae-9831-b4f5e799a7ba,right
7c64abff-5377-4ad0-b299-3d8232d811f0,questions
b0e9cbed-9ffa-4c33-a8c0-5c29f71b0b37,to
505aa581-78ac-4f6f-821c-917e7d81d5c3,define
fcaa7222-3b75-4394-8a51-ed1b34b2ba06,the
f2133894-1a3d-4431-99aa-5b526c9d3ca7,real
e950af27-55a4-457f-921a-dc63081bcec5,are
f2eddb97-7402-4723-acc8-2a56a6002fda,also
7b869b3e-b226-41ab-9344-46cc8001c61e,"part,"
5f5181f2-17d1-4a8f-8abb-69e09b6f2520,together
be4e0494-0c3c-4299-9f96-51b98f4591f7,with
1992988f-6a52-4712-b15f-080b6d72e40c,deliberative
7a345919-15c7-4c46-957a-69396cdd087f,"fora,"
6be4831d-41c0-4534-9e33-cf7262bec2ab,of
e15c281a-ac37-42d6-9acc-cdc5d5e8c0da,an
bd5e2e95-7a81-4903-a73e-092d81901624,agenda
e493429e-1caf-4b6f-aed5-e84ac0462cf0,for
87c5e82d-8f78-4f7d-9881-e931f7e91c1c,agri-
971e22bc-7a4b-4d7e-a9b4-7747e1fecb8b,problems;
46160eb4-0544-49aa-9a58-0277158fc9a5,developing
f5167ff0-fd34-4f0f-b882-e4b71210effb,appropriate
7ec5dc0d-99e0-4afd-95df-07f90604c5ad,interventions
5bbc1978-827b-4f03-9b19-e6faff9db7b2,that
a31a5f6b-4b4e-44df-8a05-e14c35b459d7,cater
4fe47ca2-c843-4148-8c04-ee333e451f7f,to
0f5660c8-f360-4f15-8a11-20518b1ce36d,local
8ea52cf1-aa83-4e2b-ad92-404b17725b3a,cultural
53272d7b-7774-4c3e-abea-319695a73c4c,and
7f52919e-093b-4677-b819-fe9ee2734a49,food
d8b927c7-367c-427d-a846-8bf209e190d4,research
3fef9b2c-dc67-4e76-a734-889738672351,based
936e27f7-fd6b-4886-908c-cea5fffeca4c,on
7e0df734-914b-4b75-83d2-2933c2b81b75,ID
b7bfe331-f499-458b-a5cd-66fe3908be4b,work
9330584a-8fd0-4104-ac36-ffc959891cd8,and
d070af33-93af-4201-957d-56f97506404d,a
6889dc48-a772-44e3-b521-977b9fd703eb,system-wide
50ab8a9e-950b-4e00-9893-0154e06bca4a,ap-
9c9f69db-50de-4897-a51c-4d3e2bc1e033,adaptations;
c7c72f2e-e5ae-450f-b54a-043fdf2687ca,facilitating
0f60d59f-c46c-4f13-abf8-1b5bffeeb9e3,innovation
398f870f-f77d-4d42-b199-7339b8da6479,systems
8af611c8-05ef-4b31-ba42-a34f9a1b3f4e,(including
6e414078-ed8c-4796-8fcd-6e06c67c2b75,knowledge
078c93af-68f2-40e9-bfbd-591a7c7f68ae,proach
8e47411c-7f08-4aa7-a44b-7c4927febfed,that
d2c890f1-22ea-46d1-8c0c-a13a0afc419b,integrates
fe7254e2-fa59-40c4-b591-bf4e7bbd2e4d,social
be9f1da6-a320-41f5-b77d-17ab5d2eb342,and
3b2f93ab-281e-4f21-ba49-aba88c67ca33,environmental
46f74669-2c23-4e55-830b-80ce020b154d,issues
c84f8f90-ce36-478d-abcf-fc278e17a5a0,(Horton
922587b9-ec9a-44a3-a1b8-8bce72a1db54,et
4a824774-ad6d-441f-9044-6463a927e900,"al.,"
7c200a28-c353-4a32-889d-62834ca53096,"generation,"
4c839d86-2b1e-4d07-8d6d-af90021e7a03,dissemination
a0f00128-85a8-4dcc-a8f0-b01f3bc94c52,and
3ee46e65-6e3f-4196-b5e1-1bea2b06ae37,utilization);
fbb13544-b763-41aa-acb2-a6aace9101a6,formulation
a2602c00-37df-4101-a6f3-cf9f2d33f8e9,of
03886e3c-8367-42a0-99e5-cce5971af3a6,appropriate
58cb3647-4641-40cb-90e1-289b0e91d7af,2017).
a7ad731c-cdf1-4faf-a18a-a95608a051bc,In
32dc0f97-e171-4fa4-afc1-3175aaad81d7,"particular,"
b09e998a-8f98-4da6-bb86-524579522e5f,working
a914b744-64b0-4a82-b664-75419509838d,across
3519ec73-0c97-4907-8014-2a525c940f15,disciplinary
7da8e20f-850a-4ffc-a5b9-3eb5c31a4db5,lines
09dc667e-74c1-4550-9c66-7e85d6ce7d84,can
b1e8e36d-2098-4d84-b25d-4669cea7e9a8,have
5fec6a6f-34c5-4aed-b3fd-7b93bf6c34aa,a
6d383022-209f-4640-be65-e795bb66e1ea,policies;
d1531a31-596f-4bb2-9d3f-a8dbb4e67d5d,and
64ff5071-fb9e-40c2-893c-8716f43a9dd8,monitoring
3d45e388-0d74-4e68-87cd-f601fe5ab076,and
8b583825-582a-4e5e-b5ad-86ff36df0ef9,evaluation
788d78ab-063e-4334-8d2d-251d42caefdd,of
1b04a151-28e6-4e09-ba69-b129ce94a19d,feedback
ac6e4814-b03b-4f40-8bea-a705078bfbdd,mechanisms.
27669a63-e293-475d-b742-3e1deb4b47bd,Most
4bdf5f55-719f-4203-8517-dc0faaeb13ca,transformative
6f750097-ef89-4826-815d-9caa9bf2a7ae,effect
d67d633a-d8d5-4a0d-bf52-9d484e772933,on
d0275868-7043-46b7-b917-c10b4aa54561,each
a2c14ee0-3a6c-470b-a9cd-d1e5db3f0037,"discipline,"
25b0e987-bfbf-4b73-8d1a-462738ace781,and
425bff9d-29b0-47ce-9259-9cc74cedc819,allow
54b01721-cd6a-4c1c-a178-a91391b096de,for
d3ddae96-be4c-469a-9ef2-01ba88f4b514,integrated
719a10c3-5e01-40ef-846a-e269128cedc7,of
c7f42774-417f-4a16-9e82-204147bb34f5,"all,"
cef6328f-305f-4968-8f5b-a44555656cb4,they
15b4e715-5291-49f9-b1a7-2dcfa5e34588,emphasize
68815059-0779-4fd6-9f0b-9c103ab41655,engagement
d96e304c-e749-4d0c-bb53-162e8a1bf63a,and
94086e19-5bf1-40ad-8d51-df7c0f509261,"participation,"
332202c3-9678-459b-9f04-2dc664ca2ea5,essential
f44901e8-d3af-4d8d-b4a2-cf8132cc89f9,if
287366c1-3ad9-4a9d-a5ac-5b63e315ce11,people
8a74ec93-22cc-499d-a640-c533196e7f78,thinking
cf423a4c-ed80-44cf-a3c8-27944d9faeaa,to
a4815628-e0a8-4daa-b03a-453f7135948c,"identify,"
3f79505c-c523-4132-bd6d-7288e069f6b6,"test,"
d5a9a12f-83ff-4f28-925e-89b5e44afc70,and
bb4ecef7-9f73-4c90-a0fe-063538c05f0a,implement
808db7d1-bec9-496e-8a21-264d2c6eda6b,technologies
8e120ad6-3a0b-4643-a90e-f16be4e52d1d,and
e3f7759c-03f9-482e-ab22-0f9c45e16bde,policies
bd740a7e-12d2-4671-bf07-51200e0b59a4,are
4a20d146-758a-443c-943d-872a9761a2d2,to
c6b192bd-2ef0-4079-b9ea-1b28ceaa0571,take
def42314-2031-4c57-97f9-8b70145f141e,ownership
d214d070-c32c-4625-9877-40e773b6e7b3,of
6f1dbd9e-c0a6-4bac-9c67-b5b0c74b8717,their
b242cadd-e453-4fa5-ab47-144ea5941aa3,futures.
350561f4-820b-4789-8ff3-0b1c7f6e3193,(Horton
8a6f58b0-1582-478c-8c42-566bee2979b5,et
d8a3d4a0-bfbf-4253-9528-c1acf11c3c30,"al.,"
f7613feb-3f7d-437d-b696-eca5ea23af38,2017).
9e567c97-980c-416e-82be-0c667b0a524d,To
81240d38-010b-403b-a96d-a74e25fdf97c,illustrate
f056f50e-d776-499e-ba92-62dcd8b4aa11,the
0fae3d01-3ecc-4168-b454-4e411eef52f2,contributions
bd4fcd1f-2790-4628-8dfc-ad249e32d573,of
e53e72fd-d343-42b7-8697-0ae6a7e1e1e5,non-economic
9cbca331-463e-4620-8ed6-c3c65cfbcfbb,social
71a807e8-8967-4e8e-9023-bfef51d08d6a,"sciences,"
890d2c2c-aef2-463f-93ae-d1db5641bb6b,"Thus,"
3bfb9b59-bc4b-4025-a4a3-92162de55755,food
58a3ed3a-26bf-4b89-b4c5-c9c1e9790730,and
ae4403b4-04a7-4e96-bac6-c195118ea855,environment
32bd6e88-60b0-40b4-a5f9-046c957a8bf9,research
ce176c25-868a-4c7a-99be-5490256d9d1d,requires
a5986193-b793-4d13-9422-0c8826d4bba6,a
58deaef1-c6b0-42c2-b4c1-eb80f27d402b,holistic
ffa44778-fec4-4660-bece-b6c6ac036ec5,or
5a75f1ef-0624-4824-9fb7-1b74f3bd6430,in-
eb21251d-be71-4ff5-8ce0-ddafbb669a67,consider
31767336-47e1-45f6-ac8b-af242233e984,two
13e51c5b-9427-4e0a-8f2a-b551887f6c60,experiences
4f7d0e10-a0a6-4376-90eb-09ebd3fd7e3e,at
2db4e183-fa18-406e-90d7-482b6fc09775,the
4e47114f-fd07-4df0-9236-7d7df9976325,International
a660c8d5-1210-4997-86c9-1242972dd815,Rice
be8ad842-5fc0-4495-965e-101a4f37e2a4,Research
35ef6da1-d03e-4e20-9276-4e97291b48f9,Institute
f6370902-f939-4aec-929f-dbd115682a85,tegrated
6a2acfcc-6aa7-4c17-91c9-b3afcb2f4a93,understanding
34042ba0-6bbb-4a48-a8e3-4cf839a6dd41,and
45a1b3de-c46f-4e0f-a88f-7a9d14531b74,synthesis
a924c142-6055-49a9-88c2-2e79639a95e0,of
279384f7-6be5-4c63-a810-8c4d16d10a21,the
992d0622-4dac-4fd8-8b01-af694edb3aa6,interrelationships
0bf4b884-0e91-4c01-b3e4-8882bf4e8432,between
b311b959-1e9f-4c1a-9cf2-c9570ae5e8b0,(IRRI).
7f6bc1e3-7fa4-4f12-9b5d-285b0a6765c1,The
9fe73f35-667d-4730-b82b-6406f9168d3b,first
564224a3-457f-44ef-95e5-78a7e291872e,relates
ddd44827-930e-4360-bfc1-ebe409f3fd42,to
1ee0fbad-787d-4e47-a555-58a19e8bee64,promotion
f39da96a-32db-41d5-a7e7-8b9e099ecea1,of
f09621f5-f816-4116-a191-0899b6e1e5af,IPM.
a20573f2-bf08-453f-8926-daec700ecc1e,In
ea4f909c-9e5d-4705-8f76-23d5474d7c17,the
896cdc2b-7fc6-4e8f-b0de-b14f2e9aaf96,"1970s,"
96d69246-47a6-4585-adbd-f1c01d1b818c,IPM
a75b0e96-f617-4dcd-b4d7-80b1af9a253c,did
7fd8594c-8bc3-4b74-8e43-82858a89fd04,not
a5361670-3438-424b-a8b4-868fad64af1d,the
1661605a-c5b7-4ec7-99c7-83c361d22c0a,people
420bbe2f-5d13-4b5b-bef6-399604947e3b,and
b1211166-b42b-4ca5-96c1-93a9e5672e7c,natural
bfb71600-0d68-47c7-883e-5556e1ca4faf,resource
3f06e3f1-849e-4526-8f80-41b0993b649f,"base,"
2ea02227-56d8-45ad-943e-c4ca1011e50e,and
1cd0daa6-42e0-4ce6-9b7c-5231b7c63b95,this
048d2998-4a36-4d20-9a2a-fe4165817477,involves
f7c76148-fa8c-44b4-bb30-855d5ec1a5dc,"socio-cultural,"
f86c6cfd-2def-4eb4-b3c9-7ae4cd21f15e,gain
299fb57f-9f9c-48fd-a806-cc5d3b600015,wide
3ccf5c08-61c9-41f8-9c2b-802fd8538267,acceptance
a517bdf2-221d-4d77-be14-4aa49fde61cc,by
827002f9-414c-4d53-91af-18814f6d88d0,farmers
3fb014fe-9f91-4486-835c-d6c0693d2172,when
f079bddb-c024-405f-b2fd-2cf4c8af81c0,introduced
28606108-76f1-4145-a62d-70936eb45d34,through
3e967326-0258-4e10-bcc5-2b8526c24ef4,classroom
52e56769-6fa5-40e7-ade7-fb2f100f4443,"economics,"
791cb8bd-7be2-4bd8-a957-31e296ff94e5,"technological,"
b3bdcda3-549e-4ec5-92bc-ddc1650acc46,ecological
77a83b11-6d93-475d-a00b-decb080f4429,and
55f7dd24-f20b-4265-9dfb-bb29d3cfbefe,political
2d342b04-a170-4f54-bbe5-de2e03304b91,dynamics
a56626fb-86dc-4e0f-9a2f-53f4b38cd04f,operating
762a2d49-412f-4371-b9b7-2b2abc05dbc8,"training,"
11c2cece-9f56-43ce-85e0-2388a46dc40a,but
298f4c94-8753-4966-86d9-a9d1c49b019c,started
74fdddd3-021e-4354-9280-a2a02d3c0b98,to
b2b21113-b12b-4750-b970-c30b9c8ce339,be
35091d3f-536c-4200-8756-731ffed12e86,adopted
da671550-f39d-4243-b226-0ea3ddb4d625,more
cedb4335-c2be-4aad-bf2f-aab0473c71b7,broadly
af3a068e-5e0b-40d9-8b88-835a4d830cbb,in
24c8fe14-c512-45fa-b139-12b2d4b0a0f7,the
36074953-6141-4fb3-9e80-6c058cce71a9,1990s
eda03d1d-1efa-4d9b-9c43-25baa1231cef,when
73e52dda-dfbd-4c36-965f-acacf39737d1,at
e8630fa0-9f53-4158-8503-85f8d529de55,different
d72507fb-2e3d-4457-ad3e-ebfde0b18395,scales
b9721b5d-42b4-48de-a9f3-460f732134ac,and
bcc7003a-e3c7-4520-bfb5-6c7065d6b5a6,among
dfdf47f5-0dd2-4f34-8f33-9e56c2f24846,different
3c481f11-f9f4-41df-b1f7-deec8ef5a1fa,levels
02b1a0ba-f3f7-4d87-9246-9bbfcf328253,of
ff077275-1d22-472c-82ff-fe582257b16e,social
a077a816-6a49-49d7-9a6c-002dab637ce4,organizations
d2ea9f79-dc2a-410a-8691-f7da1ab1c49c,promoted
fa176471-41d4-44d5-9a34-b73dfdf15daf,by
8304b28e-252a-4de6-a1b5-4ac5407be82d,FAO
09149595-959d-4e81-934b-ae7211727380,through
c317d4c0-4b56-444d-bcf4-961826255d19,the
d4a3bec3-1a9b-4b0a-a124-21c286d72232,farmer
07af35ba-d45e-43ca-af00-7d334b5ef504,field
24c331a7-a8df-42a6-b33f-9642999faffa,"school,"
ab4e2c33-6e10-4431-8936-eedb3417ef59,which
74f4fd94-b9d5-42c2-9ee0-3db29d3d2ef3,included
b1f5f350-c433-4f4b-92ff-afcaf448bc48,"(Acevedo,"
0d88347f-ead6-4c97-bd59-c0997712fc17,2011;
f8bc0127-5015-400d-b79c-a4111c38e672,Karunasagar
e618ebd1-a6db-46b6-87e9-c59ce72be998,and
aedf8dbb-d011-4c3a-930c-9857508db3c1,"Karunasagar,"
b77a0e4a-0cc1-4c12-b82e-17738023953d,2016).
46b7428d-9966-49ab-aa20-5c6536752146,farmer
76804ac7-884b-4957-9e14-52581833301a,participation
231c472b-de27-4937-8f10-49a433493806,and
85362982-9a20-4ddb-a0af-0094484da999,experiential
b55ba26b-86c2-4ff3-8ce6-1afb039562c9,learning
3938550f-a275-4c43-8163-702cd67daac9,"(Matteson,"
fc6cc1d4-f105-412d-ad8a-b89c012bbecf,2000).
4d1d1cb5-9c19-42d1-abb2-226abff29f74,The
818d836e-4fa5-4a7b-83e5-1ec22b25ec1f,IRRI's
b578fa12-c734-4373-a18b-c68140630c78,anthropologist
88935f03-3643-4d03-84d8-e28e79edc3aa,formed
4c911c74-ff8c-41ea-bc6e-447a91ab953d,part
e29bc4cc-4053-4521-a285-59e45fa1376d,of
560e718b-2260-4ec2-a0f1-142ce58effc8,an
adfcedba-525b-426e-9e8b-22238aa16feb,ID
2b8a5c06-d7b6-4244-a436-51781bd682e0,team
356de724-8c4c-48f9-bcd0-e35d074878c2,with
61ed519b-86d0-46fa-883d-ced02a7a6209,entomologists
357a42db-96f2-4345-8b19-743caf4a7b97,and
fe17f9a5-f549-4442-84e0-ca7e28e18630,4.4.
ff4c95a3-2149-4e5c-a317-1798a6cefd9c,Socio-economics
5a1b6967-bef1-49f1-aae1-28672a3ba313,agricultural
cc53af57-eafb-4826-897e-4ed6c70e2b0d,"economists,"
ba33b9c6-d9a1-451b-b12c-6ade1908a077,that
23af3bf8-58e4-4ae4-99db-a8ae8e691cb4,helped
5e70a634-b812-49b6-a376-8e23c933105a,improve
38883a34-77f2-4c94-a2eb-99bd8ba47b16,IRRI's
1267dbe9-2d7e-4995-baa6-836bd5b681ac,IPM
58f4e6a9-bf48-4df4-9407-f8e99c5544cf,interventions
1a888b4f-39ca-4ab5-8be7-6b549af6cdde,for
f03d2783-616b-47a4-a444-363060959ebd,smallholder
f3378069-066e-4e9a-a276-fcdd3c921270,farmers
1c82b6f5-e053-4c97-a222-99dfd3e70f56,in
c6c350f0-7715-45f7-905e-c22443ac1511,Southeast
e49b85c2-d9b5-4879-9c02-73f072649876,"Asia,"
83e89613-7800-4020-979e-90d4ef773648,particularly
321ea9e8-bece-4ebc-a593-1ad982332712,in
a4cff042-f18e-4183-b6a9-afa8fb20dc6d,the
62ed7b56-d7cd-4401-9444-725e876b389f,Phi-
bb888879-3ec0-4426-9717-75a82c2bcaeb,Comparing
15f47298-544e-47a0-b7ea-16de6b39874d,concepts
3d62c139-be8a-42db-930e-90778ef52c72,across
35fbc4b2-9e41-4626-a43f-95daad2bea1d,"disciplines,"
ec5198b4-b0ef-4bfa-a214-d89d691b42bb,borrowing
9ce9874c-1b3b-4e23-a4dc-2dba0aefd02e,successful
40b878a1-ecdb-447f-878e-219abd5cc953,con-
db2ae077-c930-41d7-b57c-e4b6c134c174,lippines
af607f86-0f2b-408e-90d6-e0a0cbf8669b,(Price
d852bcaa-40ff-4d47-b119-8a84d6adcb71,and
a1c36bc9-3b6f-4078-9df5-4cba95b83e63,"Palis,"
62f247b9-98f1-4721-aa4e-7a5f552e7b84,2016).
d9ef515a-3927-48a7-9394-02ebed1db8a1,The
8a91175d-c1bf-45c1-916a-9a3b94834571,anthropologist
16b3a9f9-46e4-4603-8f32-1cce72b3ebd9,included
3fc52267-cf9f-4fd5-befc-e09a52d9e9d4,farmers'
330bb1a4-9e98-4ca4-8573-17de5c0b49d3,cepts
6270b0b8-9f53-493a-86bc-cd10f984e6e0,from
1b1129b8-1c59-4010-a44b-12d8a2ca2a82,one
6ffc9262-a26e-48a4-b199-47190c9ae521,discipline
227e8164-6364-48d6-9abd-e0e0fbeb2dcb,to
54380764-e905-45a2-ac05-6f48dfd8408b,"another,"
031fa439-a501-4cf3-b9c9-0b141cad2a0e,and
3c86db88-7961-4287-bad7-602187351757,building
ddaca998-9e1c-451f-85cc-3a44f3ee98ae,analog
befad52c-dcb6-454f-973d-3bf3f322a2b1,theories
94948aa2-4c67-4419-9544-88c3c54db0de,have
4256e702-da4c-41b4-89a2-208892759ad8,"participation,"
c3652440-fd1f-4097-8075-513d2e4d4b40,stimulated
c4d3d61d-7f4f-4a2b-b53e-11847a6f5a3c,scientists
357aed7f-d8b4-4997-aa97-34ef5ba7ae2c,to
b44b5855-c3a0-4f3b-bb42-54bbb2695b59,interact
932a6d0c-48a8-41e7-b213-8b4f794388d7,with
2fcdf606-55bd-4d24-bc44-61c885332c23,"farmers,"
db93dbc3-45f2-4611-b86e-ee3076c674d4,and
0180c318-0b3b-4d51-9e17-c56216bba920,de-
8b9e94fa-c1a1-46e4-8242-89a510655240,been
2b0ddf72-7631-4168-8939-ced6b83fb058,traditional
a1b67aaa-ebdd-41c2-95a9-1d80c676e1d1,approaches
eb5de38c-4493-4fd5-8a4c-4008508d5199,to
c83ae8a0-dfbd-42fb-81e2-faa35878c7b2,IDR.
8addcbbb-4191-4d76-b628-4cc621c3ca2e,As
7549c679-f93d-458e-b9f7-03fb21272900,an
f4aadb87-27ba-4033-8f56-16011ac763d6,"example,"
af499c44-f6a2-421b-933d-4361c76bf3b1,consider
9c976c9e-5812-43dc-820f-e897866cdf94,the
e377f4b3-2c76-4683-8609-8502f23c8989,ana-
0a6e8ac2-a1f2-4f9f-9fd3-2e83201896cb,veloped
f1dd1bf4-1f80-44c7-aa2a-bb7d2d235a39,rice
89c83204-4164-4622-a17c-8ed5767cf303,IPM
5f10e239-68d8-45bd-bd66-8e793fcb2607,training
f006aafc-3ec4-454d-b36a-b45b005568e9,principles
40e51273-fd0b-4548-965d-5e081d1dd416,that
c3df7327-be6a-46e2-9427-20a244e2402c,were
61e04925-581c-4831-a168-0c2a18e1c326,later
495f8bd8-4724-40ef-b391-d6b4db64a842,used
22e49262-ebbb-4203-ab13-06a131722211,in
b5871660-17b2-4bb2-bfd2-270ef4266c27,the
0cbe4717-a918-4cbd-9c22-d3784dd156c7,farmer
058b3108-6fa7-4891-8fe9-b297a7a5b6ba,logy
6f58c79b-ec50-412d-a3e6-2b9e34ae2ba8,between
d25b4379-3bad-46c2-8e18-a5d18a1b706a,evolution
bbc0da83-ed3d-42df-b504-799b1966b497,of
d2da8566-4f10-4a64-8869-af5ca50bc0bc,socio-economic
f6ec59cb-427e-45bf-a619-82d6fd791aa3,systems
bc77473b-575d-40a9-adad-a308a1ffe468,and
994e4b87-0e39-4fa7-99ec-038500c50f3b,evolution
eea89a43-0511-43f2-8ee4-ee1ec6078fc2,of
455125cf-06eb-4323-98e2-8c738104cadb,field
9367f575-2cbb-4bab-ba73-483e8f0b6c5f,school
0e33e93f-e310-4f73-a2f3-7aff8de0e01e,This
6fe1bd4e-a0b3-4596-aef5-8a6e27b0af6d,anthropological
34950589-3135-40e5-a0c3-ce42b2f054bd,approach
49765cbf-a377-4dd8-8d0d-6b44a7a2bcea,made
0e757c21-821c-4095-a3ef-71eb9a1f0683,a
511d1430-5bcc-42ea-9c80-8f3c80500081,major
17e94fa9-7414-4a23-ab73-0a48f683778b,difference
2956a8ec-3dad-411a-a6ec-c06195277e7a,in
6a897890-a6e2-4835-a479-f9cda8f1e367,nature
646477de-992d-4e1f-80e0-e1d48cd08209,(for
32221a2e-d1f1-42e2-b957-45a20ec34a50,which
60524bb7-7ca9-482b-8124-c7833db92079,the
1463bbb0-5d63-401f-b158-beb4a3393e40,rules
0a0da9f9-7615-4060-8bdb-0d499325f403,for
2acb2eda-9767-4555-9a7e-c50e262f0524,survival
d3e6c306-0be6-4684-9bfb-dc54ce005f61,are
2c79c3b0-d9f3-4c53-ba3f-ea73cf8058f6,exogenous).
8663706b-1ec8-4bfc-baee-36de103360ea,In
f34e4c8f-286f-4659-9fae-2f48eeebbde4,the
9f25bae7-74be-4b51-a34d-267006794d95,"former,"
6f13e0d5-e93b-4627-8fa0-8a7ea0eb4aef,success
8ae0aea1-5a5b-43d4-96a8-12d872a70eb7,of
05f36f03-0e84-4474-8e23-7822b254a5a8,the
70b8ef81-c4c6-4674-93f6-1de37a859b68,IPM
1166f947-8ae3-483e-8585-e708df6138b9,approaches
6f1adf18-b0c0-43b5-b25d-c954d95e0524,used
e4610d6e-c038-41f8-9c52-b41894229e8f,now
5ff2fc31-70bf-4b5a-80db-1deb8eaf92d6,in
6ef8c627-8f86-421b-b9cc-e189207f04f4,many
5971023d-b6ec-473a-bdd6-c8733e814cd1,Asian
2984f7f0-85a4-4d96-8c60-9de7ca4c67dc,"countries,"
965c2ff8-aa0b-445f-bbc8-fc3a72db4d98,and
92d06080-c6ad-4f52-84b1-680bdd2f16b9,humans
34933403-8fc8-4559-a182-0ab4d8c0fc68,make
2d752a1f-5e34-4b1c-bcac-9f9dbc830a6c,the
a57ab8c1-d054-48a9-995f-8bdba1863749,rules
d0741c39-4f44-49ba-986b-81b62cb26d09,and
7b97790d-d553-42ae-9a1c-0dcee5afc11f,laws
63e3aa62-ecdb-4b88-89ef-105c0be97230,as
e305b98b-4190-4de8-b1fc-16259e5a6cbb,well
6ca9e169-8f9b-4653-9668-357189d96072,as
55707280-7338-4e13-b5c6-36a03f461d76,the
24d1986f-dcc4-4b2b-9c56-1a18158df864,"tools,"
23bf1a40-0e8a-4388-8b6f-b131270d81f2,so
861097de-424d-4d0d-8921-88bbb9764753,our
77a42e0b-e524-4ec3-af4e-8caf961d0fab,rules
026c715e-0b04-4d51-a48e-cc970b989768,for
01a5a2ca-c97a-4c45-bb1e-85de85c589eb,around
2ac0d54d-46d1-47e1-b8aa-78bfd0ea801c,the
ebf14764-a959-4b69-85d7-c368b4896d26,world
d8a623df-5276-48be-9120-b8b1825a6575,(Braun
99ff716f-e040-4135-85d6-e57b58dd052a,and
65e5a9ef-b1b4-4faf-ad5c-e6e390e937b2,"Duveskog,"
85dce00c-8add-4477-80db-38cdab1183a7,2011).
b3a36e17-95c2-4e2b-a62e-7af9234261ec,survival
0a73e710-1702-47d9-8e3d-e13cd7eb5fdc,are
7e5da137-0ec9-44af-87f7-61f18e492dc9,endogenous
9ff97d34-239c-4992-8775-eb55ebc03702,"(Harvey,"
97e6c7e8-e3c7-4b7c-9ec7-42bf1631c9c6,2008).
1fa2a5e6-088e-4647-bb3f-e0c92a2e01ad,Conventional
ca277213-4077-4b27-8943-d8569c8ad9fd,economics
f641f24a-fc40-441e-a41e-d13506677a13,lar-
b2cf5ae0-49a9-489b-a1f2-da812fe45cda,As
b9bfa0d1-bc0c-45a3-97f7-a0fe5e9b33ff,a
1e9fb5b6-415e-48cd-bbf3-a7a19583ff77,second
938ae131-52db-4857-ba08-258dfac57b22,"illustration,"
53a7dfb4-4f6b-4123-b3dd-86f96db56547,consider
03888f98-6677-4233-b552-3d73c9b2cd1c,adoption
d272f775-4bdf-4ead-b8d6-3bd760865f6d,of
b6b90098-783c-4421-bc49-730379174779,NRM
067e3d33-ce11-4ceb-8dbf-a43f45672b24,technologies
0938565f-d844-4d2d-97a2-b7ac6081ae7f,in
4dfc60a4-2a02-4604-8a90-ac7a9b9025e7,gely
a9d467ce-7d29-44ac-a873-0d3db7901fb5,ignores
3c81cc11-c0e0-4f0a-9455-5f9a3e07c7f5,the
69edf2f0-8bed-4ce7-b0f5-b178937c73a6,interactions
b646096e-ae09-4435-b565-fe0a457dd77c,between
dfce9dca-2737-4351-9a34-c02050f1f65c,politics
fded95c9-83d9-4ab4-aeb1-14e65859a30b,and
e62df856-ca7a-4402-99cd-70c958f1cc12,"economics,"
ba773f3b-da8d-4d01-ba8d-e8ecf236c610,and
d6956ff9-1d8b-41a2-9133-52c20499de5f,the
9126c4a5-6b78-4231-9975-4f8e317d0f95,rice
723f58a7-3952-43b6-8752-e9b32b0208b8,"production,"
085350ac-8f35-41b0-9bd7-9c02628ae53c,which
2f1208ab-526c-402f-9a20-1742ecd652c9,had
c2a6866a-678d-4f18-8803-fb9f409365c0,been
24948135-59de-4887-ada6-e503ea4841d0,a
0bdbffb8-e2bb-4ec8-8337-de5ef7a2a2a7,challenge
d93ac605-1b06-49e5-adc9-810c535b7c39,because
99ee2bf2-d6a4-4e96-a1d1-19a51c22998b,they
08ca26e9-d78b-4ffb-a11f-990fed66e00d,require
4cd7e032-159c-41f1-936d-3009d6ab7dab,fundamental
efd6f3af-f9b8-4553-9290-1ef45cc7d020,differences
f9e5648a-7291-4a18-88b6-009bc38e2dd7,between
dab2171c-eb7f-4b80-af2c-f2ccfecb707e,'capital'
535e48cb-fccf-4142-ae60-ec62163ccd32,and
31ea8d85-c82c-44eb-b52d-a072f2a4a121,finance
0abe54d5-fcdc-4911-b8b9-db82506dd93f,markets.
1872935b-81a8-49c4-869b-a4c1b6a899c0,The
c3ed2c42-2fc7-4e17-852c-37244e801189,adaptation
de65e602-ab2c-431f-b201-f44330eb392b,and
89df82f6-44f9-4c0d-8eb1-9b465629e555,collective
8114be24-a749-4e87-9590-3c5c24b61eb3,action.
ac9a7ec1-8182-4883-bf84-eed95bf2ee92,IRRI
aa91bfa4-1a2a-47dc-a2e3-335f68a24f50,promoted
f49118d6-520a-4de9-ae38-a39016ebbd25,best
3db39eea-179a-488d-b429-8422600139da,practices
af137b1d-7d5a-45d4-a660-636db9a022fc,for
827100d1-7705-4038-99ce-be42a50b10d9,NRM
b257bb27-a217-44fe-97d4-890cbfbe96d9,latter
76cd7519-5b68-4795-ab3d-31a1cccc6bea,consist
56de49d6-eed7-48c2-aead-ac34c1cb12cf,of
6ea83da3-9ef4-4272-846e-8b3fa90bf1de,the
3771c9ed-6e40-40af-a0b4-0d409a4417c9,transfer
c93c7b1d-3930-4629-a261-c8cb00614b92,of
395cbe42-e09b-4884-a566-42a97da8d249,ownership
46419e0d-f0d4-4585-a195-4a06065a0d50,of
24327598-078f-43ef-a088-0ae3c442be7a,assets
5fa6af05-09a1-43eb-9ba5-f07b69813284,and
46dad1d9-e550-4d70-9431-24efae262360,wealth
4aa57266-fe2c-4756-9f1a-c7e0e0f14eba,between
93d51b77-cbb7-487e-9f6e-cb2d9551e31d,to
489b34ca-71b5-44a8-b6a7-6d95210605ef,help
760e02d3-c7c7-4dd3-9578-39759885115e,rice
ce7a7de7-bd47-4ee7-b845-35975a7ed476,farmers
93d8e95e-bf0c-4683-95db-bdde849ebcc6,achieve
5b46b777-ec43-4fa4-956a-0bedf4f6c9aa,increased
6862afa3-6b04-4e66-9ff3-08d0da07ca60,profitability
de08765e-0b36-4f53-bb0f-d28686c391b4,and
1a0b6f4b-846c-40e1-922e-23f58066a24f,food
46fdcfc0-dc3b-4c4f-bbfd-938f18236091,security
e06d0dec-8372-4c7a-9c5d-8b9cfdc4e5ac,as
32f1344c-1d89-4dce-b709-5dfa899d435e,individuals
46f4b223-bed9-4bb5-800b-22bc2754a59f,and
154e1a21-01be-4afc-8852-c4fa5f0ec3af,organizations
8eec80d4-bf1d-4c29-a02b-0c5d9d55debd,(with
c3023a5e-1282-4664-a46b-c4e884af0f1c,no
54ed5d71-0cbb-47b9-b875-4f649aec8000,obvious
8a23d042-e74e-4954-a03a-4e0d117201c3,natural
9070e0e6-dc08-4d0e-8307-422e3952aa6d,"counterparts),"
4d0f5368-ea8d-41dc-9c0f-248dadf5e8fa,well
8bdeaecb-8ad5-4ead-a4b4-8392e8d5a5e9,as
aefc96af-9a79-4adf-8bea-33c10632686f,to
4b9e4f22-77e7-4507-a0e8-14304764f783,achieve
471c09af-5ce5-460f-af4d-060032336caa,environmental
5b4fd380-c105-4eda-92dc-08584b9f3ea5,sustainability
c41e3aa8-679f-48dc-8e4f-8200a4a2a6f0,(Rejesus
1934c801-9028-445e-bf0f-cca7d8b04aa6,et
5bc2b640-01e4-493f-ac64-ef3a8b995b7d,"al.,"
55fcda1b-2e8f-4a8f-8547-657655b06dc3,2014).
c290dd75-45ea-40db-8144-220ec820a889,as
733065eb-a8f1-44ca-b5f1-445e5aeb2b4e,well
80dbb339-7e20-488a-997d-b5078d041f09,as
00ee4f54-e714-41bb-a634-a50c1221caab,the
c794f26f-49da-4324-9c01-ad65c4f13139,markets
8d7be7bb-b932-45c7-8d83-768c3c07a8db,for
b55d7667-1965-4ed0-99f5-8027db03a828,goods
aab1b5e6-d85e-47fa-99e9-7ea96c824290,and
3207b25f-14db-4978-b57a-b972bff23c11,services
89f45638-9f90-4286-b5b9-32adb4b5108c,(mimicking
274ce786-62f3-4ca8-b600-7860fc3a55d3,natural
0ce20547-1fd6-4fa0-a245-5e1758281231,evo-
c59f72c1-d2e1-4f98-94ec-9dc8eb8f85bb,Anthropological
52fcafed-b317-4a54-a812-b0c83bbd5f0a,research
5c498499-ebee-4a7c-8ddb-d853470e4880,highlighted
44bc1081-38e1-47ed-aab5-de83764fd9a1,the
8bc53c82-0292-44a5-9712-bbf744ddfc05,importance
9e9b0e9b-1107-4fa7-849a-a6aa1ee8cfc0,of
053967ef-0c8f-40b8-8a4e-0f456d6b2eb4,building
d3f79930-539f-4072-a52c-9e9f843299a2,on
b4bbc370-97d7-4d48-842a-185f3b855d9d,lution
136c6768-4180-44d8-9c27-c57e3fb72881,and
24607230-ff2b-464f-bc5a-92fbd4d7487d,the
c578c6aa-452b-472f-bea3-72ae7c94241b,survival
5cd798f1-5189-457a-aaac-b1af6f3b93ce,of
f5d11b0d-1191-40e7-aeec-0b8a775b1c25,the
932ddbdc-26d1-40b2-bdbd-6e5b89b730e5,fittest).
1ece903c-7af5-4b20-8697-8378f0ed44ae,farmer
a4fbb345-79c7-4431-afe5-0866ee4200f0,"knowledge,"
38786027-66aa-4593-8a49-e13c6bd9dd23,experiential
94877cae-db90-4fe4-a31c-7e999d3aec1e,"learning,"
86cea73a-88e4-4b28-a559-50f8765af340,and
ca9bb3eb-b605-4606-b089-00222e00a1f8,social
2ce5ccc4-031d-49aa-b72b-96dc74daf5dd,capital
aed97329-8b4c-4128-be37-fc98931157bc,to
53c13e2d-ece5-4ec4-ab1b-7fac557d39c6,facilitate
488f1620-e480-48ee-84f4-d1cdd63f3156,The
1b86b306-0d38-4877-b7a2-3f4e2cec7c58,common
93c45404-c054-4207-b44b-59ee8d529706,representation
73c6f702-1601-41c6-a080-586a807689b4,of
4ecd3e85-6237-49f7-bd24-649baee55daa,the
f4c77bb1-f62d-455c-a1d0-a51635feb511,three
b67af388-72cc-4b77-b500-e25a04e1a684,major
56a233b4-99e4-4b18-8965-e828daa13fec,dimensions
c12d5164-a8ea-48f2-a3bc-7772047a32aa,of
6a5fd93a-9d6b-428f-91cc-4991ee140b0d,'sus-
480dfc18-f0e7-48c5-938f-1b41c0e8ae39,adoption
6f5042f2-b32e-4cae-a7a6-a4c82a4148e0,of
668bc3e1-96bb-44c9-b9cc-f09805a73417,NRM
f1957ba5-f8d7-42be-a933-a103cbcd0541,technologies
bc35d6f7-23e0-44cd-a39d-16522df953a4,and
f2b7c321-1484-45c6-b697-9cbbc6bf1f1d,accelerating
e35499b0-896e-492f-8b89-a01cdb11daa3,its
16a09845-644a-4041-81bf-6095bdcb0388,spread
7a829e18-3d18-46cf-bc96-9bf61606f0f6,for
05bacd1d-f1b7-4827-9398-1d13aebc9e26,small-
d21734d5-1bd5-42cc-b9e6-bf6de4a98a97,tainability'
f6748d18-0550-47c9-a829-9a1b3950f17e,"environmental,"
8d51ac03-5f4b-4f6c-8d6b-3413a6f488d7,"economic,"
73437468-1c83-4afd-8498-d0af95592e8b,and
e1aef0ad-4c88-4520-a3af-a8b76a7af876,social
1c91ea66-906c-4ada-9a4f-9d9b57e792fe,takes
06217c19-719b-42e8-a32d-f8b881659efb,for
7a6ff79f-fcd0-4ffe-9ac8-65f21093eeb3,granted
b2f8256d-b109-4c85-bd0c-214fa6fef87a,scale
2d53d5e4-e42f-4883-80c3-6ce5243e40d4,farmers
906bc490-5644-4c3b-b325-d082bb3f6258,in
ee4057b7-8651-4d7f-89b3-2af044166162,Asia
4b553e63-a42d-45c9-9b9e-c73480e3a8c1,(Palis
630c2194-ff11-4cdf-9f57-11c70dc33dae,et
6ce62350-9ae7-446d-8c2f-a5395e24e440,"al.,"
d75b07ab-989b-4fef-b815-62a42148d389,2004).
44a7b378-c5e4-4122-8450-70ce4fe106f9,the
83da544c-41a8-4681-9670-b0ace4864be9,political
3d950361-8386-4e12-9077-f0f4a248addd,dimension.
7afe9dc6-c3fe-4dc1-ad44-35b25710dec2,"Moreover,"
9ca2e81c-d975-441a-a323-77adfc1a56c2,the
4bfbd574-a31f-4430-b19a-828b7f682314,critical
9b6905c2-1a17-4a39-a676-f7a410f7249d,activities
892d3fc9-ab8f-456d-af09-7fd0f9ff2e3c,of
aa578dec-54fb-4ed0-a278-47718d45f20f,asset
e7a9b84f-4b1b-4403-8547-c785066cfef0,de-
2b47dc93-3482-4fda-964e-1b8971e498b1,"velopment,"
54e0f92b-bb65-4f6f-928f-e9fc8884bdd6,"maintenance,"
d665c8ec-fff8-4f96-8416-f8c2d8dcf65d,"accumulation,"
f953dc71-10a8-45a5-a665-00aa6eb9d511,and
197a6cd0-52df-4cbe-820b-bd2d1d1165c5,ownership
7c7af061-4dca-4a74-8cc6-2e589f5b01e9,establishment
7e6e0122-0670-4926-b917-6b133679d8e8,4.6.
59dc3694-1455-47e5-819b-22fedb1e8a0b,Integration
7d8f30ea-3af8-4bbe-9ec4-ca7ad1a36fea,frameworks
1666ce58-ed28-4cf1-b38a-0dbf30f938ca,and
682a4f50-0042-44c6-87f3-d16721cd7718,transfer
c07c70d1-d995-44af-8266-ffdee451f148,are
06c3f84e-04e2-4587-af02-459dad6c54c8,also
f3ebf5fb-cabb-43ad-bf1d-e4b421bfb0f0,missing.
46131666-33f1-4e72-a562-cad56eae368a,Yet
a7fcd5c8-f5f6-4b1a-919a-0e6f3e011262,it
e5404781-403f-4c59-833b-34c055dcbb6f,is
ce7d85bc-7a06-409a-99c4-e86d83d8f8cd,precisely
78562ece-95e9-4a6a-9ff0-78e612892268,these
8db32f6b-c8fc-45f2-8732-b6998a100655,processes
c32ba313-6993-457d-ae50-b078afbc6308,and
513192a5-01a7-44ee-b7c6-cb8f50d85997,their
2600e537-1c9c-4f70-9f96-9b29f11fcf87,outcomes
abe164d8-70de-4605-bc4c-256586e71205,the
a6c62496-1848-4e2f-aced-59dfb213d1cb,development
735eeb3c-ede5-4376-801b-63e384297ce8,and
2477074f-a09e-46d3-9499-4ce91abb4ea7,maintenance
5da37148-949a-4198-9dd4-d3ff86a2f6d7,of
0423cb64-98f3-48f9-979d-8e71c9bccdd5,our
b1fd7038-247a-4c98-86c8-c6e5c895a279,capital
1b51add0-e4d0-4bda-bcc0-5f2ebaf1ff42,The
8acc0e98-579b-4b86-a61f-24e6619e7b24,goal
bf8e02cf-0f59-4c7b-8c56-22366b7d12df,of
d241b28b-65b6-4ba3-801c-fa859f23b28d,IDR
f2632c83-efe8-47fb-9f9c-48aaf3e98be2,is
cddf3b73-5299-4f74-849c-b2e20004c01e,to
19b0d06e-9e81-47b1-b72c-3317ec70cd30,integrate
4ca5812c-620a-460f-8ce3-30de40424dc1,the
b80792f2-b53f-4400-81ef-59f0ff163d17,epistemological
6aa8f798-cd97-4960-bbaa-db5cce3ec29e,traditions
ebb87de0-9c71-4dbc-9e1d-0bb43aad2f22,of
00e69008-a783-46f0-90fc-9c816f183c12,the
83335eb9-9314-40d8-947e-b2a219cfc584,"stocks,"
b73b3a02-df28-4419-b86f-8f7a3269a194,including
62c41926-ec54-448b-bf05-390620a03284,natural
83d29d7d-ce90-43dc-9afa-98e3f493f52b,capital
1dd021c2-4f75-4871-b371-44691f6c753b,in
f3f33445-b850-471f-a8b5-347bd0cf3bdd,all
0a095327-75d2-468e-8f0a-8ad866d5889a,its
87124766-6229-4222-9a59-acccacedbbe9,multifaceted
4668069b-4cfc-4a52-bfff-9a6a0e364197,"forms,"
66bdd5a9-8073-433b-a810-94da257fea4b,which
c3265231-6f7e-492d-8b31-196b97b36c42,individual
2a68bc6f-44dd-44fe-8e3c-b7870917ea17,disciplines
57d97cc9-1a00-4420-868e-7c601d947ccc,in
df20f714-164d-4c0d-b5f9-921340686f72,defining
2b1a820b-9da9-4049-9d95-92ee1c05c6bb,the
45bf8550-4721-4438-828a-c13839ae76a7,problem
09e392af-c095-45a7-9d82-f73410c2583f,and
efe4dea3-57fb-4ddf-bf70-02e8adff8e61,the
e07e15f9-7252-4804-b792-216e82bafef7,methodological
5a735cae-a7ae-430b-a66b-efe809c957e2,underlie
91d962ad-d3b6-4819-bc40-19446555a1ae,any
84d40996-9f9a-493c-8533-fd34c680683e,notion
66db6694-c53c-481d-9fda-3463e5efd6bd,of
c75b033d-0ad4-4ee3-8953-1ca72ca742f8,sustainability
0ed17c12-5fab-4fed-88d5-9c526ae979c4,and
704c6983-0e07-4285-a3cf-91fa6b05fd44,which
4b895e28-a05e-4617-a889-91880e56ef94,at
1c71909c-bfd6-4995-9076-f979c8f577d9,least
59d732e9-ab8f-458d-839c-31035cb96c83,partly
086a3c67-e6b7-4699-8842-0c35013931cf,de-
45ebb5dd-459f-428a-9047-7c4d84096d92,comparative
7f0a7864-b85d-46c4-8e26-365cd43ed314,advantages
339ab6e7-392a-4261-b80d-ae3d8940c951,of
bc73c956-c3f7-46d8-be23-7f9fc66fc03f,the
efca42c2-b651-419d-a11d-c5794c0c92ab,different
2e9aa9fe-4604-47cf-a358-227cfb9c2cd7,disciplines
e982c3bb-af53-4100-9cab-c3fe985ec539,in
44bf4f1e-8efc-40cf-8b82-5d8c1303e8c3,the
82999f78-a213-4952-9a0f-4bf5dfe9d6a1,development
6fe1c175-d694-44c1-ade1-fffd9b937d4b,termine
3552351e-a759-4182-8933-3c224e333bbc,our
8dca83ff-6cac-4986-a024-72500e6c9335,future
eefc1b9a-7282-4525-bae5-4721129eaeae,capacities
eda907a2-2d95-4f2d-8240-3fd5fa9925f2,and
5234cd4f-c235-4f41-aafb-5b8ea3a84068,opportunities.
d90a83f4-2d83-4dc4-804a-08afd27abadb,of
8a867892-dc25-43a9-8ef6-a522ac4d50a5,knowledge
04b6dc21-139b-4b66-ad2e-ff38a6f34bab,(Godfray
551393ea-dd2a-4726-a38a-e120f4c83360,et
1d25e0c5-0156-4b93-85c6-9c585ba9bac1,"al.,"
54de1678-2d4d-450f-9deb-1524717aa845,2010).
3561865b-53c1-4196-9ec5-13962494cf04,As
d4a56cb7-b940-45a2-9775-f00bfe31f4b8,Axinn
0962a881-d7a3-4385-9244-8e24812ca6ee,(1997)
b36acb6d-55b4-46ae-8052-461f85801d69,pointed
6cd05726-f7a4-4ff6-88df-539c79d4c654,"out,"
12bb544e-b002-40ba-8a4b-086df21a8be9,new
5e4c0d01-d0de-41f7-9ed8-378797a5440b,Researchers
32180a96-5ea7-4eab-8439-8120651e0342,in
96367585-43cf-48c9-a70b-b34f2f47a7f9,the
e810b936-78a5-4eba-ada5-883a3e84baca,field
ee86a163-f445-4d73-b67f-3498ecf47a7b,of
7cd3f3d9-51fa-4e21-9888-19335a3d78d1,ecosystem
f38d27ef-315d-4ca5-a0dc-ce8df9c3c9bc,services
6b0079fd-315e-4102-b508-857dd3e15081,often
a5b99a65-45f1-445d-b5e1-53fbd9bbb480,recognize
26867575-92ad-4d59-825b-45d50de4c8d9,that
f23881d0-2634-47d8-aa39-351471af2d04,knowledge
46f18ed7-00a4-43ca-bafb-76f10029901a,tends
2a973842-3b0b-4fe8-930c-1f09f723a8b7,to
0e3d462b-cc6c-4b9e-814c-848a1d9e53c3,be
5767d06f-75c6-4f4c-930b-577164004a7b,highly
1c2d00e2-52c3-4209-afc2-aede88eb408f,specialized
ce00c25e-787a-401f-8340-ed19e87f8095,and
a448ae76-cbff-4511-bc91-5c9df152b0d6,so
53158247-d4b3-498b-8110-c8e526bbd428,fragmented
5d255c2a-d546-4249-9735-430dd615f8b4,that
7947c7cc-8f20-49e0-af7e-d2155b76c160,we
5c988cd8-85e2-4bd4-bd88-68c2706d731c,biology
11e11510-6f3c-4c6f-a8ab-8fc956d10034,rather
6ffa54a3-1707-4ca0-a68a-1fb062f4b65c,than
58d6efd8-c0cb-41cd-b878-8600a527cb1d,economics
8e57d03b-a1b5-495a-b98c-4308ba67532a,should
c4241f52-73af-4590-9379-f43c586b7d8c,indicate
acce5316-caa2-4304-9185-9feda357b13d,the
fd1ee029-021b-4203-bf40-d8d3a219bfb5,importance
a3390ca5-4755-4daa-a3aa-9f5984dbe641,of
16630496-976d-4a43-b499-3116c8eacb5d,nat-
cde55805-5d66-4706-8362-9b4d8a0e5fec,have
df94a0c1-a448-47d9-8d07-8ef0861ef4aa,been
9c33f9b4-7776-45b9-bb95-30fe1adeed70,unable
d65f4bd3-fb9f-4c6b-a455-bdcda8a4a865,to
606cffca-661e-440e-8260-c622fb09e53a,put
a13eadd2-5959-4f4f-899f-445cc3d87c3f,it
8baba00a-8a2f-4505-b862-2eff76e6c979,together
203923c2-2d52-4ae2-b2da-f2ad222fd8ed,to
ad2ac47f-0847-4e94-8570-b471f583446b,solve
46f5a448-e535-40bf-b967-0f0a55dd602b,complex
8303d26a-a943-40b9-a35d-38b0d8e7a725,problems.
eb1b0be2-f703-40b2-a404-bb4cc1609401,"Thus,"
1fc1165d-c494-4b16-9a52-665dbe678f81,ural
03317cfc-27a6-4b82-bebb-963bafce4045,environments
d9929afe-415f-4984-9c21-849965d60bfa,to
c2eb6fb1-9fb4-4986-94bb-d938a6439fdb,society.
de07afbb-aa15-4d47-8dc9-def2010ffa27,Only
726a115d-5bc6-463e-a752-1b1fe856641b,when
37824b05-a9e0-4231-95af-1b9c0405582b,our
fc9308b9-d9e9-468e-a02d-1b89962ec449,resources
ca03968e-35f8-4db2-a4e7-92a96a431170,become
5586c02c-b164-447b-8f96-d2a4f9267dff,scarce
44652d43-b37b-4814-b093-c8bbdfda3c09,we
d0f41246-b94f-47d1-aab3-40e8c200ca8b,need
5600a948-6661-40b5-9e84-1a23c55bc99f,to
edfdb96a-6124-4a11-91e3-c8432f6d6987,integrate
8025aa32-78bb-4acb-932b-b197b30d129e,knowledge
06bcbad9-980b-45cc-b842-73a7529d76e6,generated
5195537a-ea91-48e6-8993-0dcf79c28bf0,from
b1d3f038-493e-4835-8b96-43d671d8f517,individual
41588e2d-15ab-4708-b952-5d4a878d79ed,"disciplines,"
714c374b-9df3-4dc4-83c2-5ba8c028330c,relative
11e3812e-6f08-4316-80dd-f6486f46eae5,to
3beb8832-6eec-43e5-948f-cd9b4c38e22c,our
4ca46887-7cf2-45e0-affa-9e987a8b8048,needs
cc0b74cf-9ee1-4e7e-9ba7-0d2a5f0fc8e0,do
060051fb-ab85-4a3d-8e0a-683721f9b891,we
95eab67e-0ac1-48aa-8fdb-c10c38dc97e4,take
f4fa4596-6a30-46a3-960d-c043e1fd8f71,notice
e30747df-bec3-4cbb-94ba-6cbd65f9104a,and
2207e046-2a37-4706-a46e-2948c129ecad,take
d7ee15ed-36b4-4750-af30-25b9fa8253b0,steps
ce2d7c06-e510-4640-a2a7-07e349d18c17,to
150f8954-06b6-4ec7-895d-eaed249e31b6,seek
b2cfb269-616e-4cb2-8b80-2a3a1b64f119,a
ae1aaf5f-9d59-4178-81f2-6e395a3a8aee,solution
bc5d11d0-df6b-4825-bd04-236611da40f9,and
bb4f65bb-68a7-4a3d-a994-35b80a597c11,from
ac477cb1-b056-46c1-b74b-b71370b75e27,interactions
a0e430c0-6af2-4e84-9960-01d5cc11d0d0,among
9fb96260-5571-4670-8882-27490c6e1cce,disciplines.
b1a381dc-07d8-42ec-a497-c16ca651d9b6,Clark
45f2a7ce-1ffc-471d-814f-4102488da7fb,and
35646b19-e7a3-4754-80bc-a607cf78e2ff,Wallace
9df9bf6f-ef33-40fd-93a3-9cb2b372515f,(2015)
f3742f46-ad64-4644-8e64-3ee7758d37fd,(i.e.
f67b5919-53de-4da7-bd50-4fe5a91e54d8,'put
3692762a-0c38-4702-8b88-fd5bd9a5850a,a
67fd39f0-7a9a-4595-b937-3cea471076a7,price'
393c4b69-12e2-44d5-8ef9-d9ec2d5b62e7,of
01a045d9-9713-4af4-807b-9f63870636be,the
49741a0e-7e21-470b-881b-514cb1b3832a,resource).
c5343389-d317-4e8e-b436-ea3d609008d0,This
1b6af306-3803-4ef7-9916-5cc05b12be45,is
076991ac-5c9e-4843-bd92-b2e19c984afb,a
0ebd4c5f-f2b3-4584-820e-45ddb9bcf08f,fundamental
b38df45a-eb9e-4168-9b55-a07a4d4e4fe8,proposition
9ebf27bc-4ebc-4397-931c-a9a71daaac3f,advance
bc199a0e-9a81-4059-9106-36190b0a3eb5,one
9d5c0d97-33a8-4480-90a5-eee5e3ca10f5,possible
724b4c53-d196-4d8b-ac57-50a1a196797d,integration
a09d40e9-f144-4fcf-87ae-be4b24111944,framework
3dca5be1-3e9e-4eea-99be-8da73ba47b68,implemented
e9e5fce8-5e3f-4821-a6f8-da40016f15d9,as
a11378a3-2ec1-41c8-8c37-6625ebcbf2da,a
d6aeb42b-7659-459b-816a-c4bef04ed961,set
d492cb27-139a-4531-b3f2-27de86d35b3f,of
3decb2f5-a020-400b-9a3b-46e4889920a4,behind
3d5a42a3-b601-4219-8453-a3b551c5a761,the
8f46522d-ed7a-499a-ad8e-7d5820f28311,environmental
da9e56de-4eea-48c8-b216-3de7a75985c8,Kuznets
5f7baa7c-e618-4539-bab4-ee7312492b3e,curve
2ae89e7d-45b3-468b-aa87-7b0ce194ef92,(Galeotti
92dc9392-061c-480a-9162-0a47d843b865,et
d69319a0-833a-47bd-a2d4-b3fa7a0eb729,"al.,"
40338ee9-e6d8-46da-95ab-bfb7020ba7d0,"2009),"
77afd578-5658-4f5e-8597-773b76fd11d6,which
b83d1489-501b-44ba-ada0-06bddf4d6a10,operations.
3bc88a8e-58be-4c02-8334-e5280578fc9d,These
70da1b83-b083-4836-865b-19f91c78d6f5,are
349c2a86-5045-4f79-aa57-0d03be8dd362,problem
a97a6a6e-c2c1-49d6-9a33-97bff84fc012,"orientation,"
299cd504-b186-42dd-a0d8-f9911fbd7b22,social
ebaab032-b5f8-4b15-9ec3-5dfccf49039d,"process,"
93714b07-03f6-49b0-b342-625f0f96da44,decision
d221cab0-9025-465b-8b50-3389257cd28f,suggests
1981dd4c-0c0d-4c76-b864-c1ccfcd7d6b9,that
cebdd2ec-1273-4032-832f-af8085f36e0d,economic
997d3a41-d7a0-42f6-94fb-8369ebd77e67,growth
5a0428bf-c917-4652-84c9-7826d9b4e4dd,does
90979c45-e445-4875-9acb-4b581f24a10b,not
c662740b-66d3-4141-809e-61fda4a3904c,necessarily
e4520519-bc4c-4592-bf89-fde09e26ff35,imply
29da948e-8c41-4d7d-b50c-8dcf75ce1a08,continued
51018f72-44f2-4ead-919a-f7c784650918,"process,"
8bae21e2-395a-461c-b4c4-361806278a78,multiple
dec3bfaf-3b4e-4a72-a9ae-f00dfafec0eb,methods
901288b8-eece-4d5b-873c-1cf25ef17288,(mobilized
1eff9612-19ab-430a-84ce-e2698e343557,from
4c74192f-fe5e-4d4d-ad8e-10946c3a4c97,various
92fe1f45-d196-4176-a870-18c815b84e2d,"disciplines),"
61fba023-64dc-4e7c-887b-806511feb98a,stand-
adff28bf-aff6-416c-a341-81824e207d55,reduction
28786564-5b43-48c1-b5dd-df485cf3ee51,of
02c6408c-7f2f-46d9-bb58-9a919c644e6c,environmental
e6409c80-41a6-4737-8dca-8060013de296,quantity
8c05b2e2-54b7-4fc2-9241-13fba8c4df25,and
8b05c1d1-f6f6-4f64-8776-4d97093226cb,quality.
7dc30bf1-23de-4e4c-bf41-dffd2f05ec0d,Concerns
13b18f06-f024-4e15-975a-9aaaa8e08f2c,about
79aa7043-ed71-45d1-a146-e62e54ad0465,con-
f3dd72f8-05dd-4970-9214-7fab4acba95d,point
b34d3cbc-ebed-4e9b-8f91-9dac246bebee,(how
e98b6bf4-99a2-4566-b1ff-ceeb39b8af58,researchers
6c0d576d-7671-4b45-b691-3f40767b9f80,relate
326a8852-6e96-43ca-abc6-69db0b4d630d,to
02c57e54-1c13-4848-a720-723cce74cb36,the
2e537c9d-3e21-435c-9139-1a719264300c,"problem),"
e205bd90-1c4f-43ac-bc3b-c3bedd471357,and
a4866d86-a9e8-4b38-a948-96b5ffbe7e29,common
7fd78b33-e759-4967-a306-d9f881dbf1d4,interests
41bfe491-79e3-4294-a6ff-e399671ea7ff,serving
d23d5a4f-b519-4f8b-8eaf-abc9cf22f025,the
19cdb584-d801-4134-8339-9d1d6b2651c5,environment
980bd3db-d486-4217-9f58-d3c1007d4fb1,typically
e420426e-e75e-45b4-b568-a2f8d334073e,take
97193c40-56c0-4b7a-91b5-7b09506d1b98,second
864e8815-f450-4f26-8420-4e6577500607,place
dfea30a7-a96a-455c-9fa7-354b8855e727,to
1d346a7b-4f93-4f35-8d9d-dd7b106909bc,growth
2ae8d3c9-d7ba-4592-8e55-5fd49cdb517a,ambi-
5fa9c682-768c-42b4-8352-1a6dd57be248,(higher-order
358c8fe2-6e2d-4303-b213-b9eee120e583,goals).
5df1429c-b4fe-467e-95af-866c483b66c7,Such
aeaf82a8-22b4-4430-a21d-f34985e60cf2,an
f8cb40ac-8341-42e6-b92f-30982ecd2bb9,integration
b0eace69-2904-4584-bf02-10549804b774,framework
1f5ccdc7-3471-47cb-83b5-f29163018af4,makes
2147b55f-3566-49ad-af1d-ff86fef66e6e,explicit
5285a3eb-87cc-4b6c-940f-5c42f4dcab7e,the
29c58ced-9585-488e-98ed-547942e76039,tions
ed69a962-2603-488c-8f78-99b991bc8c60,during
4cb69093-9b02-4559-8c7a-e1b283d283a0,the
2c31a18c-6707-42b9-b502-20f42d1615b2,early
5408f8b4-ba8f-4ae9-9a7e-83054e92ee69,stages
d643a841-9dbb-4e96-a886-36a77310845f,of
7e1af46d-11b6-43e6-b166-9b5867739bc7,economic
ef066e4f-2201-4b23-b1a2-44552df30cd7,"development,"
6480ac03-5ab5-4727-9bff-005f707505c5,but
e750d4ca-788b-4957-afe7-b91e9b076890,as
72dcd08e-4bcd-4549-99c7-585a014832ff,wealth
d6e90284-d6e5-40d1-99ef-9ed8d0b11179,stages
1fe20a99-3240-4020-b4d4-aaf7e1b288b6,of
264a7782-5773-462f-9c77-9e5e736ecc01,identifying
b10e2de4-fc29-43dc-9bac-7525b6329cc8,complex
476d63c5-9b53-4476-9fa2-5a1691b8b435,issues
607eaf9e-a80d-4031-b244-cdf575e93758,and
9ea8ae40-ed88-41ab-9db0-5daf2aeba097,the
89e2758f-a829-4f9e-ae97-57e2b1c4755c,technological
1cdb44ff-f4a6-436f-89fa-3c63a1700ba8,solutions
b18a5f8f-a9de-49c5-afab-9a72487b2507,to
48e6e522-456a-4438-a971-07999f11f986,and
4a8d3a1a-acb7-4819-8f0a-8faae162fef1,knowledge
88372400-8347-47bc-9cfa-0918e7ccd7ca,"accumulate,"
bdf4625f-f17f-4254-a9a4-38fa770c965d,so
7cb2f540-c207-45a6-86e6-6a9e36a7bd5f,does
e8b315e1-d92b-45d9-8120-2f6161a07097,concern
0230ab9f-8832-4262-b0f5-453703060775,and
94a3bc35-54da-4324-b681-258ffef49088,action
14d49d3a-1334-43a0-b42d-40dce861b25e,over
01cbff39-22a1-48af-a2e4-e157bc7b2d75,con-
03d06ffa-f801-4af5-8ec6-d9500b94829d,address
7e4a5748-3692-4851-859a-95fa3918a66d,them.
340d3ed9-7649-4fb2-9fbd-ef84e9a6de34,Life
097e4313-e8b1-43d3-8212-80516948fe96,cycle
4704f92f-013f-44bd-bafb-b88e824dfc09,thinking
0de3c064-617b-40b4-8e5d-8e70f6db793a,and
78863c69-f653-44c0-a9b4-7ed400424769,analysis
a0112a49-4247-4169-9d3f-cc2fda269f8f,are
0bbd8c2a-f130-4ed2-bbf9-1aa7e1884948,also
2dc2345f-99a2-4e18-8f89-c2d39fb31c9e,seen
7aad02d8-cd72-4bbf-9992-6cf9f370b901,as
03039f42-61f2-4991-88fb-eba6a163f8d0,a
7eab409c-09c8-412f-8381-bab93a697bc6,fra-
56cbaae3-5981-4657-b198-0ef83c7d4104,servation.
4f48de02-16c9-49f7-920e-6279c13c56a9,mework
008a0986-5220-4d63-80f2-641e69bf6acd,to
92fb5ae5-0cac-44c3-b2f9-5f83191fbf67,work
e0b93880-3bde-46b3-a03f-eeec665c0b70,across
abc25086-74e5-42fa-8744-98919e2bb338,disciplines
1bac2489-fd28-468c-8b51-f31b525ff1f6,in
e5ef7d05-720e-4f3e-8212-5fc9f1755564,several
ad029706-204c-4c1f-afc7-cfcc16786471,science
02fa5c21-0aa3-41a3-a924-ce49f5d6254d,domains
bbf764b3-58dc-4ff9-a0ed-1f6534226b56,such
076af80f-e3f7-444f-96d2-e3c68569a3d4,as
6abd1f05-9ed1-448c-9444-2e772bab62fa,Our
cdf02bbc-306a-4642-a581-025958b32fe1,institutions
8ebb763b-b85a-427e-9817-9e16da433756,(codes
fdc4b94d-55c5-4b99-a1a2-ce8cbb2ed9be,and
74a78f9f-31c5-4738-b547-fd8c4c11746d,norms
de86f332-0074-46b8-a65a-ad53bcb53a39,of
dbfed709-4fcc-4ea5-b1b9-3fdb74ede93d,"behavior,"
1bf3cfb8-d456-4e31-8ad3-802370230973,rules
4a79c31e-ea3e-4362-9f83-7d192071e3a3,and
fd0b4311-8ed1-4d78-86c8-63ce714446f5,"laws,"
880efff5-0003-43b3-8f74-1ec8bf5c5ee5,and
9721e5e5-114d-4a54-aabe-4d66786aeaae,"environmental,"
4810c715-26f2-4f59-a5a6-a4e28bae77fc,"technological,"
32706f42-d99b-41ad-9ea9-9af2bc7cbb44,"social,"
d0fd0c72-a5ff-4c68-9412-f7962389fb14,and
14626fe0-ef29-43d0-bc3d-ac292e3bc7c0,economics.
e66e2676-dbc3-4f10-93cc-930f5415336a,This
6049642a-d58b-4b36-a133-8e736982e274,methodology
8a9fdf3d-5f28-4b0d-9123-2e5bc153fb36,socio-economic
ea98c046-1559-4b61-9e0e-68c303c28adb,practices)
89562802-81cf-4bcb-a532-34962ad0d13e,are
9a83127d-3446-4ce4-9bd4-1343f7dd0f04,fundamental
bffa6f3f-3504-4daf-be9b-07e8827703b3,in
5c44df2c-1b48-4212-adc9-f5f79271c641,directing
84839aad-c4aa-4528-89fe-4eb6c8770c76,both
6ed5a063-3639-4aee-8788-77494be198de,the
dee23a97-45f6-449a-85e2-6689bf698e20,types
63fb7b50-ef1d-4af4-a3f5-d5a8ec5ddeb5,allows
308dcaea-a4fd-4d95-b87c-fd4c33a08903,identifying
d96b1770-5a4b-4ba8-9365-7c8831c54ef3,problematic
35bd7b2d-fcca-45a1-b5df-5f28645810d8,issues
6500d5d0-368c-46d5-9d2a-ff8ed44231d1,in
14a15d84-7219-462e-aa94-b4fdea63b938,food
076d8dc5-030f-40f1-b7d7-082b5021c156,supply
48f968be-81ba-4af8-8388-1ca3a3697769,chains
d60ceb59-cfb0-4313-aa99-16bb92f1bb93,and
3a8f293c-153d-4193-964f-7d74aab79d8b,prior-
47fca2a7-0e50-4677-9faa-982edc0fd501,and
0e59a588-b5f5-4059-b8a2-0ee52a0b6237,pace
56a744cf-73e9-471e-b86a-286db96d386f,of
faa044e7-46d2-4ce5-8271-f81a440f7cce,our
d58f8566-efa0-4d8e-a8ce-74c4867f88fc,technology
2c9af0df-7d61-4a41-9299-c111b2b89e6b,development.
b574f364-b8a3-4a78-a6b0-fe109e9e320a,In
0ffa9b94-54ab-4ee8-8b1e-97e786393b9d,this
97cbb042-8c2b-4681-96ad-d782e5773532,"sense,"
757a4228-362c-402c-9aff-ec7ae3532fbe,meeting
1d583a63-d46b-41f4-bab2-950dbb70a190,the
a173049c-3e93-4353-9a4f-3dfdc2a2b36c,itizing
2693e2da-cd84-454a-9715-f04d041f3751,research
779a58ff-9880-4a4c-9cb2-cb525348e869,goals.
07c50928-8541-455b-ba27-02b0576f1ce2,It
53849ddf-64c2-457f-9b9c-c5940ec6fad6,has
0b9d452f-9ae6-4d0d-8d1b-c436c7b3c3fd,been
b262b055-bf8a-4e87-a56d-53f3c1c85cd1,demonstrated
3e251001-cad2-423d-8bde-6a487d596f3d,by
d2115451-1b06-48f2-9832-09d1763c9f45,application
a805882d-c1fd-4ffb-bb04-c2f47bc02c5b,to
27a1baae-22ce-4bce-a4b2-78c3e2aa1668,130
